{
    "Daily": {
        "slides": "",
        "static": "",
        "blank": "",
        "restart": ""
    },
    "Monday": {
        "slides": "",
        "static": "",
        "blank": "",
        "restart": ""
    },
    "Tuesday": {
        "slides": "",
        "static": "",
        "blank": "",
        "restart": ""
    },
    "Wednesday": {
        "slides": "",
        "static": "",
        "blank": "",
        "restart": ""
    },
    "Thursday": {
        "slides": "",
        "static": "",
        "blank": "",
        "restart": ""
    },
    "Friday": {
        "slides": "",
        "static": "",
        "blank": "",
        "restart": ""
    },
    "Saturday": {
        "slides": "",
        "static": "",
        "blank": "",
        "restart": ""
    },
    "Sunday":{
        "slides": "",
        "static": "",
        "blank": "",
        "restart": ""
    }
}